SIREN,SIRET,Nom société,Enseigne,Catégorie entreprise,Forme juridique,Date création,Code NAF,Libellé NAF,Tranche effectifs,Adresse,Code postal,Ville,Site web,Email générique,Téléphone standard,Nom dirigeant,Prénom dirigeant,Fonction dirigeant,Email dirigeant,Téléphone dirigeant,LinkedIn dirigeant,LinkedIn société,Spécialité Santé,Spécialité Prévoyance,Spécialité IARD,Spécialité Auto,Spécialité RC Pro,Spécialité Entreprises,Spécialité Collectives,Spécialité Particuliers,Nb collaborateurs estimé,Niveau digitalisation,ICP Score,Priorité,Potentiel,Statut prospection,Canal,Date premier contact,Dernier contact,Relance prévue,Démo réalisée,Proposition envoyée,Closing estimé,Notes
301806261,30180626100022,,,PME,1000,1900-01-01,66.22Z,66.22Y,NN,20 RUE JEAN DE LA FONTAINE,56130,LA ROCHE-BERNARD,,,,,,,,,,,,,,,,,,,,,,,,,,,,,,,,
302819750,30281975000035,,,PME,1000,1983-06-15,66.22Z,66.22Y,NN,4 AVENUE DES SPORTS,35650,LE RHEU,,,,,,,,,,,,,,,,,,,,,,,,,,,,,,,,
303302145,30330214500048,SOGEGRI,,PME,5499,1974-01-01,66.22Z,66.22Y,NN,24 RUE PEN AR VIR,29100,DOUARNENEZ,,,,,,,,,,,,,,,,,,,,,,,,,,,,,,,,
305362162,30536216201506,ASSURANCES 2000,ASSU 2000,ETI,5710,1976-01-01,66.22Z,66.22Y,32,28 RUE DU PUITS MAUGER,35000,RENNES,,,,,,,,,,,,,,,,,,,,,,,,,,,,,,,,
305362162,30536216202199,ASSURANCES 2000,ASSU 2000,ETI,5710,1976-01-01,66.22Z,66.22Y,32,4 PLACE EMILE SOUVESTRE,29600,MORLAIX,,,,,,,,,,,,,,,,,,,,,,,,,,,,,,,,
305362162,30536216202207,ASSURANCES 2000,ASSU 2000,ETI,5710,1976-01-01,66.22Z,66.22Y,32,2 RUE PREFET COLLIGNON,29000,QUIMPER,,,,,,,,,,,,,,,,,,,,,,,,,,,,,,,,
305362162,30536216202223,ASSURANCES 2000,ASSU 2000,ETI,5710,1976-01-01,66.22Z,66.22Y,32,2 RUE DU COUEDIC DE KERGOUALER,56100,LORIENT,,,,,,,,,,,,,,,,,,,,,,,,,,,,,,,,
305362162,30536216202363,ASSURANCES 2000,ASSU 2000,ETI,5710,1976-01-01,66.22Z,66.22Y,32,2 AVENUE DE LA LIBERATION,22000,SAINT-BRIEUC,,,,,,,,,,,,,,,,,,,,,,,,,,,,,,,,
305362162,30536216204658,ASSURANCES 2000,ASSU200,ETI,5710,1976-01-01,66.22Z,66.22Y,32,172 RUE DE FOUGERES,35700,RENNES,,,,,,,,,,,,,,,,,,,,,,,,,,,,,,,,
305362162,30536216204740,ASSURANCES 2000,ASSU2000,ETI,5710,1976-01-01,66.22Z,66.22Y,32,32 RUE THIERS,56000,VANNES,,,,,,,,,,,,,,,,,,,,,,,,,,,,,,,,
305362162,30536216204765,ASSURANCES 2000,ASSU 2000,ETI,5710,1976-01-01,66.22Z,66.22Y,32,2 RUE SAINT-MARTIN,29200,BREST,,,,,,,,,,,,,,,,,,,,,,,,,,,,,,,,
305465312,30546531200034,,,PME,1000,1980-07-15,66.22Z,66.22Y,NN,1 RUE LAENNEC,29100,DOUARNENEZ,,,,,,,,,,,,,,,,,,,,,,,,,,,,,,,,
310209705,31020970500030,SOCIETE DE GESTION D'AFFAIRES,,PME,5499,1977-01-01,66.22Z,66.22Y,NN,11 RUE CRESPEL DE LATOUCHE,56130,LA ROCHE-BERNARD,,,,,,,,,,,,,,,,,,,,,,,,,,,,,,,,
311248637,31124863700945,WILLIS TOWERS WATSON FRANCE,,ETI,5710,1900-01-01,66.22Z,66.22Y,51,26 ROUTE DE FOUGERES,35510,CESSON-SEVIGNE,,,,,,,,,,,,,,,,,,,,,,,,,,,,,,,,
311248637,31124863701141,WILLIS TOWERS WATSON FRANCE,,ETI,5710,1900-01-01,66.22Z,66.22Y,51,10 RUE RAYMOND RALLIER DU BATY,56100,LORIENT,,,,,,,,,,,,,,,,,,,,,,,,,,,,,,,,
312028673,31202867300027,,,PME,1000,1978-01-01,66.22Z,66.22Y,NN,30 PLACE DES LICES,35000,RENNES,,,,,,,,,,,,,,,,,,,,,,,,,,,,,,,,
312182421,31218242100031,,,PME,1000,1978-01-01,66.22Z,66.22Y,NN,11 RUE NOTRE DAME,56500,LOCMINE,,,,,,,,,,,,,,,,,,,,,,,,,,,,,,,,
312182421,31218242100049,,,PME,1000,1978-01-01,66.22Z,66.22Y,NN,8 RUE DES KORRIGANS,56500,REGUINY,,,,,,,,,,,,,,,,,,,,,,,,,,,,,,,,
312542806,31254280600012,,,PME,1000,1978-01-01,66.22Z,66.22Y,NN,5 PLACE DES HALLES,22300,LANNION,,,,,,,,,,,,,,,,,,,,,,,,,,,,,,,,
313703647,31370364700039,,,PME,1000,1978-01-01,66.22Z,66.22Y,NN,7 LD KERENTRECH,29930,PONT-AVEN,,,,,,,,,,,,,,,,,,,,,,,,,,,,,,,,
314484601,31448460100047,,,PME,1000,1978-01-01,66.22Z,66.22Y,NN,13 RUE DE PONT - L’ABBE,29710,POULDREUZIC,,,,,,,,,,,,,,,,,,,,,,,,,,,,,,,,
316067552,31606755200042,ARBONA & ASSOCIES,,PME,5710,1979-01-01,66.22Z,66.22Y,02,11 RUE DUQUESNE,35260,CANCALE,,,,,,,,,,,,,,,,,,,,,,,,,,,,,,,,
316067552,31606755200059,ARBONA & ASSOCIES,,PME,5710,1979-01-01,66.22Z,66.22Y,02,45 BOULEVARD DE LA REPUBLIQUE,35400,SAINT-MALO,,,,,,,,,,,,,,,,,,,,,,,,,,,,,,,,
317222198,31722219800028,,,PME,1000,1979-01-01,66.22Z,66.22Y,NN,KERHUON,29430,LANHOUARNEAU,,,,,,,,,,,,,,,,,,,,,,,,,,,,,,,,
317578946,31757894600012,,,PME,1000,1979-01-01,66.22Z,66.22Y,NN,KERGUENNEC,29680,ROSCOFF,,,,,,,,,,,,,,,,,,,,,,,,,,,,,,,,
317737252,31773725200013,,,PME,1000,1980-01-01,66.22Z,66.22Y,NN,BEL AIR,29250,SIBIRIL,,,,,,,,,,,,,,,,,,,,,,,,,,,,,,,,
318152048,31815204800019,,,PME,1000,1980-01-01,66.22Z,66.22Y,NN,16 RUE DE LA MONTAGNE,29640,PLOUGONVEN,,,,,,,,,,,,,,,,,,,,,,,,,,,,,,,,
318950656,31895065600013,,,PME,1000,1970-09-01,66.22Z,66.22Y,NN,9 RUE COAT PIN,29600,PLOURIN-LES-MORLAIX,,,,,,,,,,,,,,,,,,,,,,,,,,,,,,,,
318952835,31895283500037,,,PME,1000,2002-01-01,66.22Z,66.22Y,NN,21 QUAI THEODORE BOTREL,29930,PONT-AVEN,,,,,,,,,,,,,,,,,,,,,,,,,,,,,,,,
319222782,31922278200017,,,PME,1000,1979-01-01,66.22Z,66.22Y,NN,PENGUILLY,29400,BODILIS,,,,,,,,,,,,,,,,,,,,,,,,,,,,,,,,
319371407,31937140700028,CABINET D'ASSURANCES BRETON,,PME,2210,1980-02-01,66.22Z,66.22Y,NN,47 RUE NOTRE DAME,35500,VITRE,,,,,,,,,,,,,,,,,,,,,,,,,,,,,,,,
319487393,31948739300039,,,PME,1000,1980-05-01,66.22Z,66.22Y,NN,13 PLACE CHATEAUBRIAND,35120,DOL-DE-BRETAGNE,,,,,,,,,,,,,,,,,,,,,,,,,,,,,,,,
320127137,32012713700034,,,PME,1000,1980-10-13,66.22Z,66.22Y,NN,31 RUE DE LA CROIX HAUTE,22110,ROSTRENEN,,,,,,,,,,,,,,,,,,,,,,,,,,,,,,,,
320289242,32028924200010,,,PME,1000,1976-01-01,66.22Z,66.22Y,NN,COATAULEM,29252,PLOUEZOC'H,,,,,,,,,,,,,,,,,,,,,,,,,,,,,,,,
321169039,32116903900021,,,PME,1000,1998-01-01,66.22Z,66.22Y,NN,17 RUE SAINT ANDRE,35113,DOMAGNE,,,,,,,,,,,,,,,,,,,,,,,,,,,,,,,,
321390338,32139033800051,FFA FEDERATION FSE DES ASSURES,,PME,9220,1977-11-30,66.22Z,66.22Y,02,2 QUAI DE LA DOUANE,29200,BREST,,,,,,,,,,,,,,,,,,,,,,,,,,,,,,,,
321390338,32139033800069,FFA FEDERATION FSE DES ASSURES,,PME,9220,1977-11-30,66.22Z,66.22Y,02,2 QUAI DE LA DOUANE,29200,BREST,,,,,,,,,,,,,,,,,,,,,,,,,,,,,,,,
321607194,32160719400032,SEP BLANCHARD & DECAUDIN,,PME,2310,1981-01-01,66.22Z,66.22Y,02,14 RUE DU PATIS TATELIN,35700,RENNES,,,,,,,,,,,,,,,,,,,,,,,,,,,,,,,,
322482720,32248272000032,,,PME,1000,1964-01-01,66.22Z,66.22Y,NN,BOURG,22460,LE QUILLIO,,,,,,,,,,,,,,,,,,,,,,,,,,,,,,,,
322952680,32295268000013,,,PME,1000,1979-01-01,66.22Z,66.22Y,NN,14 CITE DU PONT BRULE,22130,CORSEUL,,,,,,,,,,,,,,,,,,,,,,,,,,,,,,,,
322952680,32295268000021,,,PME,1000,1979-01-01,66.22Z,66.22Y,NN,12 RUE DES ROUAIRIES,22980,PLELAN-LE-PETIT,,,,,,,,,,,,,,,,,,,,,,,,,,,,,,,,
323665323,32366532300016,,,PME,1000,1977-05-01,66.22Z,66.22Y,NN,CROISSANT BOUILLET,29910,TREGUNC,,,,,,,,,,,,,,,,,,,,,,,,,,,,,,,,
324160217,32416021700026,,,PME,1000,1900-01-01,66.22Z,66.22Y,NN,104 RUE BERTHE SYLVA,29200,BREST,,,,,,,,,,,,,,,,,,,,,,,,,,,,,,,,
325346708,32534670800028,BERTHELOT PHILIPPE & BROUSTAL ROBERT,,PME,2210,1982-01-01,66.22Z,66.22Y,NN,RUE DE LA DUCHESSE ANNE,29260,LESNEVEN,,,,,,,,,,,,,,,,,,,,,,,,,,,,,,,,
326863958,32686395800087,LUXIOR ASSURANCES,LUXIOR,PME,5699,1983-01-01,66.22Z,66.22Y,12,2 QUAI DE LA DOUANE,29200,BREST,,,,,,,,,,,,,,,,,,,,,,,,,,,,,,,,
327174090,32717409000032,,,PME,1000,1983-04-01,66.22Z,66.22Y,NN,11 RUE DU 70E REGIMENT D’INFANTERIE,35500,VITRE,,,,,,,,,,,,,,,,,,,,,,,,,,,,,,,,
327790663,32779066300030,,AVIVA,PME,1000,1983-04-01,66.22Z,66.22Y,NN,6 RUE PHILIPPE LEMERCIER,22230,MERDRIGNAC,,,,,,,,,,,,,,,,,,,,,,,,,,,,,,,,
328664990,32866499000079,,,PME,1000,1983-10-03,66.22Z,66.22Y,NN,10 ALLEE DES CASSIS,35770,VERN-SUR-SEICHE,,,,,,,,,,,,,,,,,,,,,,,,,,,,,,,,
329536452,32953645200017,,,PME,1000,1984-01-01,66.22Z,66.22Y,NN,22 RUE THIERS,35600,REDON,,,,,,,,,,,,,,,,,,,,,,,,,,,,,,,,
329916076,32991607600014,,,PME,1000,1982-07-01,66.22Z,66.22Y,NN,7 RUE DE LA MARNE,29850,GOUESNOU,,,,,,,,,,,,,,,,,,,,,,,,,,,,,,,,
330169996,33016999600049,,,PME,1000,1997-01-01,66.22Z,66.22Y,NN,28 RUE DU DANEMARK,56400,AURAY,,,,,,,,,,,,,,,,,,,,,,,,,,,,,,,,
333444735,33344473500034,,,PME,1000,1985-07-01,66.22Z,66.22Y,02,4 BOULEVARD VILLEBOIS MAREUIL,35400,SAINT-MALO,,,,,,,,,,,,,,,,,,,,,,,,,,,,,,,,
333444735,33344473500059,,,PME,1000,1985-07-01,66.22Z,66.22Y,02,17 RUE GAL LECLERC,35260,CANCALE,,,,,,,,,,,,,,,,,,,,,,,,,,,,,,,,
333548303,33354830300044,,,PME,1000,1984-01-01,66.22Z,66.22Y,NN,16 AVENUE DU GENERAL DE GAULLE,22500,PAIMPOL,,,,,,,,,,,,,,,,,,,,,,,,,,,,,,,,
333712560,33371256000015,,,PME,1000,1984-01-01,66.22Z,66.22Y,NN,ROZONOUAL,29450,COMMANA,,,,,,,,,,,,,,,,,,,,,,,,,,,,,,,,
334136173,33413617300039,,,PME,1000,1981-01-01,66.22Z,66.22Y,NN,121 AV DU GAL DE GAULLE,56100,LORIENT,,,,,,,,,,,,,,,,,,,,,,,,,,,,,,,,
334330958,33433095800029,,,PME,1000,1982-03-30,66.22Z,66.22Y,NN,LA LANDE COTHEREL,35750,IFFENDIC,,,,,,,,,,,,,,,,,,,,,,,,,,,,,,,,
335089090,33508909000039,PENNOBERT-JOSSIC-BELLEC,,PME,2210,1986-01-01,66.22Z,66.22Y,02,121 AV DU GAL DE GAULLE,56100,LORIENT,,,,,,,,,,,,,,,,,,,,,,,,,,,,,,,,
335244489,33524448900258,ALPTIS ASSURANCES,ALPTIS GESTION,ETI,5710,1986-03-06,66.22Z,66.22Y,41,6 RUE DU LOUIS D'OR,35000,RENNES,,,,,,,,,,,,,,,,,,,,,,,,,,,,,,,,
335255543,33525554300027,SCDF CHEMINANT RENE & GILDAS,,PME,2210,1981-05-25,66.22Z,66.22Y,NN,6 RUE DE DOUARNENEZ,29000,QUIMPER,,,,,,,,,,,,,,,,,,,,,,,,,,,,,,,,
337825624,33782562400022,,,PME,1000,1986-04-01,66.22Z,66.22Y,NN,16 RUE DES TROIS MOULINS,56580,BREHAN,,,,,,,,,,,,,,,,,,,,,,,,,,,,,,,,
337994867,33799486700014,,,PME,1000,1986-06-01,66.22Z,66.22Y,NN,49 RUE JEAN JAURES,22000,SAINT-BRIEUC,,,,,,,,,,,,,,,,,,,,,,,,,,,,,,,,
339123788,33912378800020,,,PME,1000,1986-10-01,66.22Z,66.22Y,NN,29 PLACE DUGUESCLIN,22250,BROONS,,,,,,,,,,,,,,,,,,,,,,,,,,,,,,,,
339222762,33922276200033,DONIKIAN FINANCES,,PME,5499,1986-11-01,66.22Z,66.22Y,NN,15 RTE D APIGNE,35650,LE RHEU,,,,,,,,,,,,,,,,,,,,,,,,,,,,,,,,
339521676,33952167600025,SCDF GUINARD ROGER ET ROLLAND,,PME,2210,1985-04-01,66.22Z,66.22Y,NN,25 RUE DE GOUEDIC,22000,SAINT-BRIEUC,,,,,,,,,,,,,,,,,,,,,,,,,,,,,,,,
340783315,34078331500021,,,PME,1000,1987-04-06,66.22Z,66.22Y,NN,6 ALLEE DES AJONCS,22300,LANNION,,,,,,,,,,,,,,,,,,,,,,,,,,,,,,,,
341555175,34155517500015,,,PME,1000,1961-01-01,66.22Z,66.22Y,NN,ROUTE DE PENESTIN,56130,CAMOEL,,,,,,,,,,,,,,,,,,,,,,,,,,,,,,,,
341562353,34156235300019,,,PME,1000,1982-01-01,66.22Z,66.22Y,NN,LE BOIS GLE,56380,GUER,,,,,,,,,,,,,,,,,,,,,,,,,,,,,,,,
342117272,34211727200019,,,PME,1000,1987-08-08,66.22Z,66.22Y,NN,1 RUE D'ARMORIQUE,56190,MUZILLAC,,,,,,,,,,,,,,,,,,,,,,,,,,,,,,,,
342243839,34224383900012,,,PME,1000,1984-01-01,66.22Z,66.22Y,NN,6 RUE JOSEPH JEGOUSSE,56650,INZINZAC-LOCHRIST,,,,,,,,,,,,,,,,,,,,,,,,,,,,,,,,
342467636,34246763600029,,,PME,1000,1987-10-06,66.22Z,66.22Y,NN,38 AVENUE DU GENERAL DE GAULLE,22500,PAIMPOL,,,,,,,,,,,,,,,,,,,,,,,,,,,,,,,,
343299285,34329928500035,,,PME,1000,1987-07-04,66.22Z,66.22Y,NN,13 RUE SAINT-NICOLAS,35160,MONTFORT-SUR-MEU,,,,,,,,,,,,,,,,,,,,,,,,,,,,,,,,
343349007,34334900700066,,HERRY ASSURANCES & PATRIMOINE,PME,1000,1988-01-01,66.22Z,66.22Y,NN,6 RUE PORSTREIN,29200,BREST,,,,,,,,,,,,,,,,,,,,,,,,,,,,,,,,
343550224,34355022400046,,,PME,1000,1987-10-07,66.22Z,66.22Y,01,3 ALLEE FORESTIERE,56500,LOCMINE,,,,,,,,,,,,,,,,,,,,,,,,,,,,,,,,
343757399,34375739900054,,,PME,1000,1988-01-01,66.22Z,66.22Y,NN,21 PLACE CORNIC,29600,MORLAIX,,,,,,,,,,,,,,,,,,,,,,,,,,,,,,,,
343770186,34377018600017,,ALLIANZ,PME,1000,1988-01-01,66.22Z,66.22Y,01,19 QUAI COSMAO,29150,CHATEAULIN,,,,,,,,,,,,,,,,,,,,,,,,,,,,,,,,
344183249,34418324900020,,,PME,1000,1986-12-01,66.22Z,66.22Y,NN,39 RUE DE KERMARIA,22580,PLOUHA,,,,,,,,,,,,,,,,,,,,,,,,,,,,,,,,
344185103,34418510300019,,,PME,1000,1988-02-01,66.22Z,66.22Y,NN,LD LE CALVAIRE,35540,PLERGUER,,,,,,,,,,,,,,,,,,,,,,,,,,,,,,,,
344507611,34450761100046,[ND],[ND],PME,1000,1988-04-01,66.22Z,66.22Y,NN,[ND] [ND] [ND],[ND],DOL-DE-BRETAGNE,,,,,,,,,,,,,,,,,,,,,,,,,,,,,,,,
344519855,34451985500110,EUROPEENNE CONSEIL COURTAGE EN ASSURANCE,ENCCAS,PME,5499,1988-01-01,66.22Z,66.22Y,12,2 RUE DES GOUTAIS,35136,SAINT-JACQUES-DE-LA-LANDE,,,,,,,,,,,,,,,,,,,,,,,,,,,,,,,,
347972689,34797268900058,,,PME,1000,1988-07-01,66.22Z,66.22Y,NN,LA GLOCHAIS,22130,PLANCOET,,,,,,,,,,,,,,,,,,,,,,,,,,,,,,,,
348195876,34819587600035,,,PME,1000,1988-09-15,66.22Z,66.22Y,NN,34 AVENUE VICTOR HUGO,29270,CARHAIX-PLOUGUER,,,,,,,,,,,,,,,,,,,,,,,,,,,,,,,,
348688763,34868876300021,,,PME,1000,1988-11-01,66.22Z,66.22Y,NN,35 QUAI COSMAO,29150,CHATEAULIN,,,,,,,,,,,,,,,,,,,,,,,,,,,,,,,,
349036426,34903642600048,CABINET BERGES,ADONYS,PME,5499,1988-12-28,66.22Z,66.22Y,03,90 RUE DE FOUGERES,35700,RENNES,,,,,,,,,,,,,,,,,,,,,,,,,,,,,,,,
349071084,34907108400025,,,PME,1000,1988-06-01,66.22Z,66.22Y,NN,LE FRESNA,22410,PLOURHAN,,,,,,,,,,,,,,,,,,,,,,,,,,,,,,,,
349491613,34949161300056,[ND],[ND],PME,1000,1989-01-16,66.22Z,66.22Y,01,[ND] [ND] [ND],[ND],RENNES,,,,,,,,,,,,,,,,,,,,,,,,,,,,,,,,
349499558,34949955800071,YVELIN SAS,,ETI,5710,1989-01-01,66.22Z,66.22Y,21,12 RUE DU PATIS TATELIN,35700,RENNES,,,,,,,,,,,,,,,,,,,,,,,,,,,,,,,,
349844746,34984474600108,APRIL PARTENAIRES,,ETI,5710,1989-02-07,66.22Z,66.22Y,31,15 RUE JULES FERRY,35300,FOUGERES,,,,,,,,,,,,,,,,,,,,,,,,,,,,,,,,
349844746,34984474600116,APRIL PARTENAIRES,,ETI,5710,1989-02-07,66.22Z,66.22Y,31,BOULEVARD DE LA BOUTIERE,35760,SAINT-GREGOIRE,,,,,,,,,,,,,,,,,,,,,,,,,,,,,,,,
350042750,35004275000066,NORD INGENIERIE PATRIMOINE,,PME,5710,1989-03-01,66.22Z,66.22Y,01,29 AVENUE DE LA GARE,29000,QUIMPER,,,,,,,,,,,,,,,,,,,,,,,,,,,,,,,,
350083788,35008378800017,,,PME,1000,1989-02-01,66.22Z,66.22Y,NN,49 RUE JEAN JAURES,22000,SAINT-BRIEUC,,,,,,,,,,,,,,,,,,,,,,,,,,,,,,,,
350162350,35016235000085,OUEST ASSURANCES,OUEST ASSURANCES,PME,5710,1989-03-29,66.22Z,66.22Y,03,16 AVENUE JEAN JAURES,35400,SAINT-MALO,,,,,,,,,,,,,,,,,,,,,,,,,,,,,,,,
350181251,35018125100058,,,PME,1000,1989-01-01,66.22Z,66.22Y,NN,47 RUE NOTRE DAME,35500,VITRE,,,,,,,,,,,,,,,,,,,,,,,,,,,,,,,,
351534755,35153475500027,SOC COURTAGE BRETAGNE OCEAN,,PME,5499,1989-07-06,66.22Z,66.22Y,01,68 QUAI DE L'ODET,29000,QUIMPER,,,,,,,,,,,,,,,,,,,,,,,,,,,,,,,,
351539952,35153995200017,,,PME,1000,1989-07-17,66.22Z,66.22Y,NN,1 PLACE HONORE COMMEUREC,35000,RENNES,,,,,,,,,,,,,,,,,,,,,,,,,,,,,,,,
351809983,35180998300023,STRATEGIE PATRIMOINE VANNES,,PME,5710,1989-08-15,66.22Z,66.22Y,02,20 RUE DU CAP JUDE,56000,VANNES,,,,,,,,,,,,,,,,,,,,,,,,,,,,,,,,
352062285,35206228500031,AGENCE XAVIER ORAIN ET ASSOCIES,,PME,2310,1987-01-01,66.22Z,66.22Y,03,19 RUE DE CHATILLON,35000,RENNES,,,,,,,,,,,,,,,,,,,,,,,,,,,,,,,,
352338495,35233849500059,OPTIMA CONSEILS,VETTIER ASSURANCES,PME,5499,1989-10-01,66.22Z,66.22Y,NN,16 RUE DE LA LIBERTE,35500,VITRE,,,,,,,,,,,,,,,,,,,,,,,,,,,,,,,,
353278492,35327849200262,OPTI FINANCE,OPTI FINANCE,PME,5710,1990-01-03,70.22Z,66.22Y,21,18 QUAI COMMANDANT MALBERT,29200,BREST,,,,,,,,,,,,,,,,,,,,,,,,,,,,,,,,
353278492,35327849200304,OPTI FINANCE,,PME,5710,1990-01-03,70.22Z,66.22Y,21,10 BOULEVARD DE LA ROBIQUETTE,35760,SAINT-GREGOIRE,,,,,,,,,,,,,,,,,,,,,,,,,,,,,,,,
377967815,37796781500046,NEVOT FINANCES ASSOCIES,,PME,5499,1990-05-01,66.22Z,66.22Y,NN,5 PL DU 118 EME RI,29000,QUIMPER,,,,,,,,,,,,,,,,,,,,,,,,,,,,,,,,
378064711,37806471100013,,,PME,1000,1990-05-18,66.22Z,66.22Y,03,4 PL DU CHAMP DE FOIRE,22400,LAMBALLE-ARMOR,,,,,,,,,,,,,,,,,,,,,,,,,,,,,,,,
378538284,37853828400027,CPI PATRIMOINE,,PME,5499,1990-07-01,66.22Z,66.22Y,12,24 AVENUE DE MOKA,35400,SAINT-MALO,,,,,,,,,,,,,,,,,,,,,,,,,,,,,,,,
378538284,37853828400068,CPI PATRIMOINE,,PME,5499,1990-07-01,66.22Z,66.22Y,12,6  LES BALUS,35760,SAINT-GREGOIRE,,,,,,,,,,,,,,,,,,,,,,,,,,,,,,,,
378674089,37867408900057,[ND],[ND],PME,1000,1990-07-15,66.22Z,66.22Y,NN,[ND] [ND] [ND],[ND],MESNIL-ROC'H,,,,,,,,,,,,,,,,,,,,,,,,,,,,,,,,
378810428,37881042800029,,,PME,1000,1990-07-01,66.22Z,66.22Y,01,13 RUE NOTRE DAME,35270,COMBOURG,,,,,,,,,,,,,,,,,,,,,,,,,,,,,,,,
379052129,37905212900028,,,PME,1000,1990-08-01,66.22Z,66.22Y,NN,114 ALLEE DE KERARBLEIZ,29200,BREST,,,,,,,,,,,,,,,,,,,,,,,,,,,,,,,,
379084205,37908420500051,,CABINET LE FOURCHENE,PME,1000,1990-05-29,66.22Z,66.22Y,NN,83 AVENUE DE LA MARNE,56000,VANNES,,,,,,,,,,,,,,,,,,,,,,,,,,,,,,,,
379994353,37999435300025,,CABINET D ASSURANCES CHRISTINE HUBY,PME,1000,1990-10-22,66.22Z,66.22Y,NN,4 AVENUE CHARLES ET RAYMONDE TILLON,35000,RENNES,,,,,,,,,,,,,,,,,,,,,,,,,,,,,,,,
380123166,38012316600023,,AGF,PME,1000,1990-11-01,66.22Z,66.22Y,12,6  GRANDE RUE,56390,GRAND-CHAMP,,,,,,,,,,,,,,,,,,,,,,,,,,,,,,,,
380123166,38012316600056,,,PME,1000,1990-11-01,66.22Z,66.22Y,12,20 RUE GAY LUSSAC,56000,VANNES,,,,,,,,,,,,,,,,,,,,,,,,,,,,,,,,
380123166,38012316600072,,,PME,1000,1990-11-01,66.22Z,66.22Y,12,RUE DU FOUR MOLLET,56400,AURAY,,,,,,,,,,,,,,,,,,,,,,,,,,,,,,,,
380190694,38019069400030,,ASV ASSURANCES,PME,1000,1990-01-02,66.22Z,66.22Y,NN,4 RUE MAURICE FABRE,35000,RENNES,,,,,,,,,,,,,,,,,,,,,,,,,,,,,,,,
380302083,38030208300023,,,PME,1000,1991-01-01,66.22Z,66.22Y,NN,13 RUE DE SIAM,29200,BREST,,,,,,,,,,,,,,,,,,,,,,,,,,,,,,,,
380302083,38030208300031,,,PME,1000,1991-01-01,66.22Z,66.22Y,NN,7 BOULEVARD DE LA GARE,29800,LANDERNEAU,,,,,,,,,,,,,,,,,,,,,,,,,,,,,,,,
380310656,38031065600026,,,PME,1000,1990-06-15,66.22Z,66.22Y,NN,LES RUELLES,35235,THORIGNE FOUILLARD,,,,,,,,,,,,,,,,,,,,,,,,,,,,,,,,
381211994,38121199400011,,,PME,1000,1990-07-01,66.22Z,66.22Y,NN,12 RUE D’AUDIERNE,29710,PLOZEVET,,,,,,,,,,,,,,,,,,,,,,,,,,,,,,,,
381239185,38123918500030,,AGF,PME,1000,2007-01-01,66.21Z,66.22Y,02,2 PL DU MARCHE,35330,VAL D'ANAST,,,,,,,,,,,,,,,,,,,,,,,,,,,,,,,,
381377514,38137751400017,,,PME,1000,1991-03-01,66.22Z,66.22Y,NN,10 RUE JOSEPH LE BRIX,56890,SAINT-AVE,,,,,,,,,,,,,,,,,,,,,,,,,,,,,,,,
382563500,38256350000026,,,PME,1000,1991-04-01,66.22Z,66.22Y,NN,5 PLACE DE LOCRONAN,29000,QUIMPER,,,,,,,,,,,,,,,,,,,,,,,,,,,,,,,,
382783173,38278317300026,,,PME,1000,1991-07-01,66.22Z,66.22Y,01,9 RUE DE RICHMOND,35140,SAINT-AUBIN-DU-CORMIER,,,,,,,,,,,,,,,,,,,,,,,,,,,,,,,,
383997830,38399783000054,,,PME,1000,1992-01-02,66.22Z,66.22Y,NN,558  SAINT JEAN,29470,PLOUGASTEL-DAOULAS,,,,,,,,,,,,,,,,,,,,,,,,,,,,,,,,
384278719,38427871900040,,,PME,1000,1992-01-01,66.22Z,66.22Y,NN,3 RUE DES OEILLETS,35260,CANCALE,,,,,,,,,,,,,,,,,,,,,,,,,,,,,,,,
384710554,38471055400054,,CASAC,PME,1000,1991-01-01,66.22Z,66.22Y,NN,2 RUE CHARLES DE GAULLE,22100,LANVALLAY,,,,,,,,,,,,,,,,,,,,,,,,,,,,,,,,
384713517,38471351700033,,,PME,1000,1992-01-01,66.22Z,66.22Y,03,2 PLACE CHARLES DE GAULLE,35420,LOUVIGNE-DU-DESERT,,,,,,,,,,,,,,,,,,,,,,,,,,,,,,,,
384713517,38471351700041,,,PME,1000,1992-01-01,66.22Z,66.22Y,03,9 PLACE DE LARIBOISIERE,35300,FOUGERES,,,,,,,,,,,,,,,,,,,,,,,,,,,,,,,,
384956884,38495688400165,LAPLACE,,ETI,5710,1992-03-01,66.22Z,66.22Y,32,24 BOULEVARD DE LA RESISTANCE,56000,VANNES,,,,,,,,,,,,,,,,,,,,,,,,,,,,,,,,
384956884,38495688400371,LAPLACE,,ETI,5710,1992-03-01,66.22Z,66.22Y,32,69 AVENUE DU GENERAL DE GAULLE,22190,PLERIN,,,,,,,,,,,,,,,,,,,,,,,,,,,,,,,,
384956884,38495688400389,LAPLACE,,ETI,5710,1992-03-01,66.22Z,66.22Y,32,255 RUE DE SAINT-MALO,35000,RENNES,,,,,,,,,,,,,,,,,,,,,,,,,,,,,,,,
384956884,38495688400413,LAPLACE,,ETI,5710,1992-03-01,66.22Z,66.22Y,32,18 QUAI COMMANDANT MALBERT,29200,BREST,,,,,,,,,,,,,,,,,,,,,,,,,,,,,,,,
384969226,38496922600073,STANISLAS DE CORLIEU COURTAGE - S2C COURTAGE,,PME,5499,1992-04-01,66.22Z,66.22Y,02,1 RUE THIERS,56000,VANNES,,,,,,,,,,,,,,,,,,,,,,,,,,,,,,,,
385190293,38519029300030,,,PME,1000,1992-03-11,66.22Z,66.22Y,NN,8 BOULEVARD CHATEAUBRIAND,35400,SAINT-MALO,,,,,,,,,,,,,,,,,,,,,,,,,,,,,,,,
385351358,38535135800135,[ND],[ND],PME,1000,1992-04-01,66.22Z,66.22Y,NN,[ND] [ND] [ND],[ND],RENNES,,,,,,,,,,,,,,,,,,,,,,,,,,,,,,,,
387594963,38759496300036,FILHET ALLARD MARITIME SA,,ETI,5710,1992-06-01,66.22Z,66.22Y,22,14 RUE DU SOUS-MARIN VENUS,56100,LORIENT,,,,,,,,,,,,,,,,,,,,,,,,,,,,,,,,
387721566,38772156600033,SOGEPA INVESTISSEMENT,,PME,5710,1992-01-01,66.22Z,66.22Y,01,4 RUE DE NANCY,56170,QUIBERON,,,,,,,,,,,,,,,,,,,,,,,,,,,,,,,,
387962327,38796232700053,,,PME,1000,1992-01-01,66.22Z,66.22Y,NN,44 RUE D'AUVERGNE,22950,TREGUEUX,,,,,,,,,,,,,,,,,,,,,,,,,,,,,,,,
387992480,38799248000039,,,PME,1000,1991-10-02,66.22Z,66.22Y,NN,4 IMPASSE TAL ER FETAN,56950,CRACH,,,,,,,,,,,,,,,,,,,,,,,,,,,,,,,,
388123069,38812306900279,LSN ASSURANCES,,ETI,5710,1992-04-23,66.22Z,66.22Y,22,4 RUE DES LYCEENS MARTYRS,22000,SAINT-BRIEUC,,,,,,,,,,,,,,,,,,,,,,,,,,,,,,,,
388125833,38812583300029,,,PME,1000,1992-07-01,66.22Z,66.22Y,NN,LE ROHIC,56920,KERFOURN,,,,,,,,,,,,,,,,,,,,,,,,,,,,,,,,
388627671,38862767100034,CABINET D'ASSURANCES GUILLEMIN PICHARD,,PME,2310,1992-05-01,66.22Z,66.22Y,NN,32 RUE DE MONCONTOUR,22600,LOUDEAC,,,,,,,,,,,,,,,,,,,,,,,,,,,,,,,,
388627671,38862767100042,CABINET D'ASSURANCES GUILLEMIN PICHARD,,PME,2310,1992-05-01,66.22Z,66.22Y,NN,103 RUE NATIONALE,56300,PONTIVY,,,,,,,,,,,,,,,,,,,,,,,,,,,,,,,,
390122604,39012260400015,SCDF LE MEUR JEAN THOMAS GUY,,PME,2210,1993-01-05,66.22Z,66.22Y,NN,40 BOULEVARD DE CREAC'H GWEN,29000,QUIMPER,,,,,,,,,,,,,,,,,,,,,,,,,,,,,,,,
390233328,39023332800017,SCDF ALLAINGUILLAUME-JAMBOU,,PME,2210,1993-01-01,66.22Z,66.22Y,NN,5 RUE AMIRAL RONARC'H,29000,QUIMPER,,,,,,,,,,,,,,,,,,,,,,,,,,,,,,,,
390258168,39025816800066,[ND],[ND],PME,1000,1993-01-04,66.22Z,66.22Y,NN,[ND] [ND] [ND],[ND],SAINT-MALO,,,,,,,,,,,,,,,,,,,,,,,,,,,,,,,,
390474286,39047428600049,,,PME,1000,1993-03-02,66.22Z,66.22Y,NN,66  HEURTELAIS,35530,NOYAL-SUR-VILAINE,,,,,,,,,,,,,,,,,,,,,,,,,,,,,,,,
390543270,39054327000040,GROUPE CERAP - CONSEIL AUX ENTREPRISES SUR LES REGIMES D'ASSURANCES DE PERSONNES,,ETI,5710,1993-02-01,66.22Z,66.22Y,12,40 BOULEVARD DE LA TOUR D'AUVERGNE,35000,RENNES,,,,,,,,,,,,,,,,,,,,,,,,,,,,,,,,
390958148,39095814800012,SCAFF CONSEIL,,PME,5499,1993-04-20,66.22Z,66.22Y,01,29 COURS DE BILBAO,35200,RENNES,,,,,,,,,,,,,,,,,,,,,,,,,,,,,,,,
391146123,39114612300040,,,PME,1000,1993-05-11,66.22Z,66.22Y,01,53 RUE SAINT CORNELY,56340,CARNAC,,,,,,,,,,,,,,,,,,,,,,,,,,,,,,,,
391639259,39163925900103,,,PME,1000,1993-07-01,66.22Z,66.22Y,NN,26 RUE CHARLES LINDBERGH,56000,VANNES,,,,,,,,,,,,,,,,,,,,,,,,,,,,,,,,
391881620,39188162000051,A.C.T.R.I,,PME,5499,1993-07-01,66.22Z,66.22Y,11,19 RUE DES VEYETTES,35000,RENNES,,,,,,,,,,,,,,,,,,,,,,,,,,,,,,,,
391881620,39188162000127,A.C.T.R.I,,PME,5499,1993-07-01,66.22Z,66.22Y,11,5 RUE SAINT SAUVEUR,22400,LAMBALLE-ARMOR,,,,,,,,,,,,,,,,,,,,,,,,,,,,,,,,
392083879,39208387900131,,,PME,1000,1993-05-03,66.22Z,66.22Y,NN,LE VEUZIT,22310,PLESTIN-LES-GREVES,,,,,,,,,,,,,,,,,,,,,,,,,,,,,,,,
392899381,39289938100025,,CABINET AXA MARC CARDINAUX,PME,1000,1993-10-30,66.22Z,66.22Y,NN,6 AVENUE LOUIS BARTHOU,35000,RENNES,,,,,,,,,,,,,,,,,,,,,,,,,,,,,,,,
393148473,39314847300050,,,PME,1000,1993-11-01,66.22Z,66.22Y,NN,19 RUE ALBERT SCHWEITZER,29300,MELLAC,,,,,,,,,,,,,,,,,,,,,,,,,,,,,,,,
394090500,39409050000015,,,PME,1000,1993-04-01,66.22Z,66.22Y,NN,10 ALLEE DU PARC DE KERIZEL,56000,VANNES,,,,,,,,,,,,,,,,,,,,,,,,,,,,,,,,
394297311,39429731100034,,ALLIANZ,PME,1000,1993-07-01,66.22Z,66.22Y,NN,16 RUE NATIONALE,29140,ROSPORDEN,,,,,,,,,,,,,,,,,,,,,,,,,,,,,,,,
394362032,39436203200010,,,PME,1000,1994-02-01,66.22Z,66.22Y,01,10 RUE CHICOGNE,35000,RENNES,,,,,,,,,,,,,,,,,,,,,,,,,,,,,,,,
394628788,39462878800025,,AXA,PME,1000,1994-05-09,66.22Z,66.22Y,01,17 RUE DU GENERAL DE GAULLE,56140,MALESTROIT,,,,,,,,,,,,,,,,,,,,,,,,,,,,,,,,
394772008,39477200800097,,,PME,1000,1992-01-01,66.22Z,66.22Y,NN,19 RUE DE CHATILLON,35000,RENNES,,,,,,,,,,,,,,,,,,,,,,,,,,,,,,,,
395011406,39501140600042,,,PME,1000,1994-04-01,66.22Z,66.22Y,01,9 RUE DE LA MADELEINE,22130,PLANCOET,,,,,,,,,,,,,,,,,,,,,,,,,,,,,,,,
395301344,39530134400036,,,PME,1000,1994-05-27,66.22Z,66.22Y,NN,4  BEL AIR,35760,SAINT-GREGOIRE,,,,,,,,,,,,,,,,,,,,,,,,,,,,,,,,
395376148,39537614800023,ARMOR ASSURANCES ASSOCIES,,PME,5499,1994-05-31,66.22Z,66.22Y,NN,30 BOULEVARD DE LA TOUR D'AUVERGNE,22000,SAINT-BRIEUC,,,,,,,,,,,,,,,,,,,,,,,,,,,,,,,,
397687377,39768737700010,CABINET GUIHOT LEFEUVRE,,PME,2310,1994-07-01,66.22Z,66.22Y,NN,4 RUE DES AUGUSTINS,22400,LAMBALLE-ARMOR,,,,,,,,,,,,,,,,,,,,,,,,,,,,,,,,
397701822,39770182200025,,CABINET LE FLOCH GILBERT,PME,1000,1994-05-02,66.22Z,66.22Y,01,7 RUE DE MELLAC,29300,QUIMPERLE,,,,,,,,,,,,,,,,,,,,,,,,,,,,,,,,
397908542,39790854200020,,,PME,1000,1994-07-25,66.22Z,66.22Y,NN,2 RUE DE PICARDIE,22440,PLOUFRAGAN,,,,,,,,,,,,,,,,,,,,,,,,,,,,,,,,
398131433,39813143300011,,,PME,1000,1994-08-01,66.22Z,66.22Y,NN,11 RUE DE KERGARET,29480,LE RELECQ-KERHUON,,,,,,,,,,,,,,,,,,,,,,,,,,,,,,,,
398319772,39831977200024,,,PME,1000,1994-04-13,66.22Z,66.22Y,NN,2 RUE SAINT YVES,29290,SAINT-RENAN,,,,,,,,,,,,,,,,,,,,,,,,,,,,,,,,
398499053,39849905300013,,,PME,1000,1994-10-01,66.22Z,66.22Y,NN,76 RUE DE CHATILLON,35000,RENNES,,,,,,,,,,,,,,,,,,,,,,,,,,,,,,,,
398523373,39852337300023,,,PME,1000,1994-10-03,66.22Z,66.22Y,NN,1 PL DUCLOS,22100,DINAN,,,,,,,,,,,,,,,,,,,,,,,,,,,,,,,,
398627398,39862739800041,VALEAS ASSURANCES,,PME,5499,1994-10-14,66.22Z,66.22Y,11,19 RUE DE CHATILLON,35000,RENNES,,,,,,,,,,,,,,,,,,,,,,,,,,,,,,,,
398677815,39867781500043,,,PME,1000,1994-10-10,66.22Z,66.22Y,NN,98 RUE DE L'ALMA,35000,RENNES,,,,,,,,,,,,,,,,,,,,,,,,,,,,,,,,
398833541,39883354100053,,,PME,1000,1994-07-01,66.22Z,66.22Y,NN,1 AVENUE GEORGES CLEMENCEAU,29200,BREST,,,,,,,,,,,,,,,,,,,,,,,,,,,,,,,,
398833541,39883354100079,,,PME,1000,1994-07-01,66.22Z,66.22Y,NN,24 RUE GENERAL DE GAULLE,29260,LESNEVEN,,,,,,,,,,,,,,,,,,,,,,,,,,,,,,,,
398833541,39883354100103,,,PME,1000,1994-07-01,66.22Z,66.22Y,NN,63 QUAI DE CORNOUAILLE,29800,LANDERNEAU,,,,,,,,,,,,,,,,,,,,,,,,,,,,,,,,
399841691,39984169100021,,,PME,1000,1993-11-01,66.22Z,66.22Y,01,8 RUE NATIONALE,35410,CHATEAUGIRON,,,,,,,,,,,,,,,,,,,,,,,,,,,,,,,,
400653531,40065353100022,RMS COURTAGE,,PME,5499,1995-03-01,66.22Z,66.22Y,11,13 BOULEVARD MAGENTA,35000,RENNES,,,,,,,,,,,,,,,,,,,,,,,,,,,,,,,,
400653531,40065353100048,RMS COURTAGE,,PME,5499,1995-03-01,66.22Z,66.22Y,11,24 QUAI DE LA DOUANE,29200,BREST,,,,,,,,,,,,,,,,,,,,,,,,,,,,,,,,
400797965,40079796500037,ASSURANCES INVESTISSEMENTS PLACEMENTS,,PME,5499,1995-04-01,66.22Z,66.22Y,NN,7 RUE JEAN MACE,35700,RENNES,,,,,,,,,,,,,,,,,,,,,,,,,,,,,,,,
400976064,40097606400016,,,PME,1000,1995-05-12,66.22Z,66.22Y,NN,LE SAINT ESPRIT,22100,DINAN,,,,,,,,,,,,,,,,,,,,,,,,,,,,,,,,
401088018,40108801800023,,,PME,1000,1995-04-01,66.22Z,66.22Y,02,45 RUE DE LA CHATAIGNERAIE,56220,ROCHEFORT-EN-TERRE,,,,,,,,,,,,,,,,,,,,,,,,,,,,,,,,
401088018,40108801800031,,,PME,1000,1995-04-01,66.22Z,66.22Y,02,4 PL DE L HOTEL DE VILLE,56190,MUZILLAC,,,,,,,,,,,,,,,,,,,,,,,,,,,,,,,,
401174156,40117415600018,,,PME,1000,1992-01-01,66.22Z,66.22Y,NN,L'EPINETTE,35140,RIVES-DU-COUESNON,,,,,,,,,,,,,,,,,,,,,,,,,,,,,,,,
402007009,40200700900010,,,PME,1000,1995-08-01,66.22Z,66.22Y,NN,9 RUE DE LA TOUR D'AUVERGNE,29000,QUIMPER,,,,,,,,,,,,,,,,,,,,,,,,,,,,,,,,
402436018,40243601800012,,,PME,1000,1993-05-02,66.22Z,66.22Y,NN,120 BD DE LA GARE,35480,GUIPRY-MESSAC,,,,,,,,,,,,,,,,,,,,,,,,,,,,,,,,
402596514,40259651400024,,,PME,1000,1995-10-01,66.22Z,66.22Y,NN,5 RUE EMILE MAZE,56160,GUEMENE-SUR-SCORFF,,,,,,,,,,,,,,,,,,,,,,,,,,,,,,,,
403025539,40302553900038,SM PATRIMOINE,,PME,5499,1995-11-01,66.22Z,66.22Y,01,2 RUE DES RAINETTES,56860,SENE,,,,,,,,,,,,,,,,,,,,,,,,,,,,,,,,
403319270,40331927000027,,,PME,1000,1996-01-02,66.22Z,66.22Y,NN,68 RUE DES MARTYRS,22160,CALLAC,,,,,,,,,,,,,,,,,,,,,,,,,,,,,,,,
403779937,40377993700032,,AXA,PME,1000,1993-01-01,66.22Z,66.22Y,02,6 RUE THIERS,56000,VANNES,,,,,,,,,,,,,,,,,,,,,,,,,,,,,,,,
403909781,40390978100037,,,PME,1000,1996-01-02,66.22Z,66.22Y,03,6 RUE PAUL MAULION,56430,MAURON,,,,,,,,,,,,,,,,,,,,,,,,,,,,,,,,
403909781,40390978100052,,,PME,1000,1996-01-02,66.22Z,66.22Y,03,6 RUE SAINT THOMAS,56380,GUER,,,,,,,,,,,,,,,,,,,,,,,,,,,,,,,,
403909781,40390978100060,,,PME,1000,1996-01-02,66.22Z,66.22Y,03,4 RUE SIMONE VEIL,56800,PLOERMEL,,,,,,,,,,,,,,,,,,,,,,,,,,,,,,,,
404182990,40418299000014,DENOEL ERIC ET RIVALS ALAIN,,PME,2210,1996-02-01,66.22Z,66.22Y,NN,10 RUE DE VERDUN,56170,QUIBERON,,,,,,,,,,,,,,,,,,,,,,,,,,,,,,,,
404703001,40470300100044,PR INTER DIFFUSION EUROPE,,PME,5710,1996-04-15,66.22Z,66.22Y,NN,MENHIR,29350,MOELAN SUR MER,,,,,,,,,,,,,,,,,,,,,,,,,,,,,,,,
405236720,40523672000018,,,PME,1000,1985-12-31,66.22Z,66.22Y,NN,RTE DE KERMARIA,29690,BERRIEN,,,,,,,,,,,,,,,,,,,,,,,,,,,,,,,,
405242355,40524235500031,,AXA,PME,1000,1996-03-01,70.10Z,66.22Y,02,9 RUE ALAIN FERGENT,29260,LESNEVEN,,,,,,,,,,,,,,,,,,,,,,,,,,,,,,,,
405370883,40537088300044,,,PME,1000,1996-04-01,66.22Z,66.22Y,NN,3 RUE JEANNE MALIVEL,35700,RENNES,,,,,,,,,,,,,,,,,,,,,,,,,,,,,,,,
407785922,40778592200011,DURAN GONOT ASSURANCES,,PME,5499,1996-06-15,66.22Z,66.22Y,NN,26 RUE LAZARE CARNOT,56100,LORIENT,,,,,,,,,,,,,,,,,,,,,,,,,,,,,,,,
407864297,40786429700012,,,PME,1000,1992-01-01,66.22Z,66.22Y,NN,LA PLANCHETTE,35210,PARCE,,,,,,,,,,,,,,,,,,,,,,,,,,,,,,,,
407909431,40790943100014,,,PME,1000,1990-01-01,66.22Z,66.22Y,NN,1 RUE DES QUATRES ROSES,35520,LA MEZIERE,,,,,,,,,,,,,,,,,,,,,,,,,,,,,,,,